Type,Name,Request Count,Failure Count,Median Response Time,Average Response Time,Min Response Time,Max Response Time,Average Content Size,Requests/s,Failures/s,50%,66%,75%,80%,90%,95%,98%,99%,99.9%,99.99%,100%
GET,/health,162,0,1500.0,1626.0463369938543,493.0965900002775,3526.960539999891,103.96913580246914,0.8423592239318543,0.0,1500,1900,2000,2100,2400,2400,2700,3100,3500,3500,3500
GET,/metrics,128,0,1600.0,1655.935916304714,721.1413850000099,2905.9762050001154,193.5703125,0.6655677818720823,0.0,1600,1900,2000,2100,2400,2600,2700,2700,2900,2900,2900
POST,/predict [high],278,0,1500.0,1628.9593239784256,600.0534380000317,2936.2302019999333,282.3453237410072,1.445530026253429,0.0,1500,1900,2000,2100,2400,2700,2900,2900,2900,2900,2900
POST,/predict [low],148,0,1600.0,1665.8960668310965,481.52915999980905,2932.9013489996214,282.52702702702703,0.7695627477895952,0.0,1600,1900,2000,2100,2500,2700,2900,2900,2900,2900,2900
POST,/predict [medium],773,0,1500.0,1650.6537866584877,419.6294100001978,3579.541445000359,288.4307891332471,4.0194054327118725,0.0,1500,1900,2000,2100,2400,2700,2900,2900,3600,3600,3600
POST,/predict [stress],2445,2445,1300.0,1331.47047332024,285.10550999999396,2975.7249020003655,0.0,12.713384583415948,12.713384583415948,1300,1400,1400,1500,1800,2000,2400,2500,3000,3000,3000
,Aggregated,3934,2445,1300.0,1450.478723485514,285.10550999999396,3579.541445000359,97.83502796136248,20.45580979597478,12.713384583415948,1300,1500,1700,1800,2100,2400,2700,2800,3500,3600,3600
