Type,Name,Request Count,Failure Count,Median Response Time,Average Response Time,Min Response Time,Max Response Time,Average Content Size,Requests/s,Failures/s,50%,66%,75%,80%,90%,95%,98%,99%,99.9%,99.99%,100%
GET,/health,91,5,3600.0,5650.345910769184,71.51851700018597,19903.309784999692,98.23076923076923,0.5016664940497899,0.027564093079658784,3600,4300,5800,9700,14000,17000,20000,20000,20000,20000,20000
GET,/metrics,88,2,3700.0,4970.256792465901,24.850679999872227,17545.418478999636,256.02272727272725,0.48512803820199457,0.011025637231863514,3700,4200,4700,5500,13000,15000,16000,18000,18000,18000,18000
POST,/predict [high],162,14,5300.0,6690.282485499995,281.918983000196,19599.33698900022,240.76543209876544,0.8930766157809445,0.0771794606230446,5300,5900,6500,7100,14000,16000,19000,20000,20000,20000,20000
POST,/predict [low],92,10,5400.0,7066.656254141304,1.9956579999416135,20596.353791000183,233.2173913043478,0.5071793126657216,0.05512818615931757,5500,6100,6900,8700,16000,17000,20000,21000,21000,21000,21000
POST,/predict [medium],464,45,5200.0,6465.325704756481,35.240241999872524,20210.75507200021,240.28879310344828,2.557947837792335,0.24807683771692904,5300,5900,6800,8300,13000,16000,17000,18000,20000,20000,20000
POST,/predict [stress],915,208,6200.0,7143.83991105574,9.2035620000388,19562.876679000055,202.44918032786885,5.044229033577557,1.1466662721138055,6200,6900,8500,11000,14000,16000,17000,18000,20000,20000,20000
,Aggregated,1812,284,5600.0,6745.058973108167,1.9956579999416135,20596.353791000183,214.4944812362031,9.989227332068344,1.565640486924619,5600,6400,7300,9600,14000,16000,18000,19000,20000,21000,21000
