Type,Name,Request Count,Failure Count,Median Response Time,Average Response Time,Min Response Time,Max Response Time,Average Content Size,Requests/s,Failures/s,50%,66%,75%,80%,90%,95%,98%,99%,99.9%,99.99%,100%
GET,/health,86,0,2800.0,3152.912622104664,219.71803899987208,11806.852918000004,103.93023255813954,0.4729785406334842,0.0,2900,3200,3300,3500,4200,5600,9200,12000,12000,12000,12000
GET,/metrics,106,1,2800.0,3093.686794037728,27.246183999977802,14937.965392000024,258.99056603773585,0.5829735500831317,0.005499750472482374,2800,3100,3200,3300,4000,4500,8300,10000,15000,15000,15000
POST,/predict [high],189,14,4300.0,4903.387194386225,31.86858300023232,15728.869446000317,244.0793650793651,1.0394528392991687,0.07699650661475324,4300,4600,5100,5400,7100,9800,13000,15000,16000,16000,16000
POST,/predict [low],77,2,4400.0,4945.851065000023,1255.9538589998738,16153.169002999675,255.07792207792207,0.42348078638114284,0.010999500944964748,4400,4900,5300,5400,6400,9700,14000,16000,16000,16000,16000
POST,/predict [medium],389,12,4100.0,4564.767330329052,19.913498999812873,16460.496457000318,258.85604113110537,2.1394029337956435,0.06599700566978849,4100,4500,4800,5100,6000,7500,11000,12000,16000,16000,16000
POST,/predict [stress],892,92,4800.0,5177.640298899115,9.678063000137627,16699.779562000003,234.68609865470853,4.905777421454278,0.5059770434683785,4800,5200,5500,5900,6900,8300,11000,12000,17000,17000,17000
,Aggregated,1739,121,4600.0,4773.318939349629,9.678063000137627,16699.779562000003,237.0316273720529,9.564066071646849,0.6654698071703673,4600,4900,5200,5400,6500,8300,11000,12000,16000,17000,17000
