Type,Name,Request Count,Failure Count,Median Response Time,Average Response Time,Min Response Time,Max Response Time,Average Content Size,Requests/s,Failures/s,50%,66%,75%,80%,90%,95%,98%,99%,99.9%,99.99%,100%
GET,/health,71,0,510.0,581.5968852534751,196.21369000014965,1763.1255129999772,103.73239436619718,0.3932681462830182,0.0,510,590,710,810,930,1100,1400,1800,1800,1800,1800
GET,/metrics,59,0,490.0,614.2511746948775,106.2616369999887,2064.6134799999345,252.45762711864407,0.3268002905732123,0.0,490,560,640,810,1300,1700,1800,2100,2100,2100,2100
POST,/predict [high],133,0,660.0,886.3563459699265,192.58453600014036,4265.848394000386,264.609022556391,0.7366854007836819,0.0,660,870,980,1200,1800,2800,3600,3700,4300,4300,4300
POST,/predict [low],61,0,640.0,780.4919118196593,170.8815560000403,3227.327510000123,259.9836065573771,0.33787826652484665,0.0,640,750,810,830,1500,2000,2900,3200,3200,3200,3200
POST,/predict [medium],283,0,630.0,813.0400251201374,70.07183699988673,3759.3588969998564,262.52296819787983,1.5675335971562556,0.0,630,740,860,950,1500,2300,3100,3200,3800,3800,3800
POST,/predict [stress],1391,0,560.0,713.5765403206339,64.35488199986139,4641.705054999875,260.8713156002876,7.704732274361667,0.0,560,690,800,860,1200,1900,2800,3600,4600,4600,4600
,Aggregated,1998,0,570.0,733.5860327777767,64.35488199986139,4641.705054999875,255.4944944944945,11.066897975682682,0.0,570,710,810,880,1300,2000,2900,3500,4600,4600,4600
