Type,Name,Request Count,Failure Count,Median Response Time,Average Response Time,Min Response Time,Max Response Time,Average Content Size,Requests/s,Failures/s,50%,66%,75%,80%,90%,95%,98%,99%,99.9%,99.99%,100%
GET,/health,70,1,1700.0,1968.1977838428475,742.9041959999267,5621.751818000121,102.41428571428571,0.3862176679242829,0.005517395256061184,1700,1900,2100,2400,3000,5200,5300,5600,5600,5600,5600
GET,/metrics,68,0,1700.0,1827.88219451468,613.4155620002275,5466.257596000105,258.79411764705884,0.37518287741216055,0.0,1700,1900,2200,2300,2600,2700,3100,5500,5500,5500,5500
POST,/predict [high],177,0,2700.0,2892.1551332655276,1348.4125990003122,7224.664987000324,263.819209039548,0.9765789603228296,0.0,2700,3000,3300,3400,3900,4800,6300,7100,7200,7200,7200
POST,/predict [low],75,3,2700.0,3115.682178813386,1455.0610360001883,7423.992542999713,252.94666666666666,0.41380464420458885,0.016552185768183552,2700,3100,3500,3700,4900,5900,6500,7400,7400,7400,7400
POST,/predict [medium],381,3,2600.0,2781.3868546168173,394.33247899978596,7202.315521999935,261.1496062992126,2.1021275925593113,0.016552185768183552,2600,2800,3100,3200,3800,4700,5800,6600,7200,7200,7200
POST,/predict [stress],921,27,2900.0,3119.747296559176,37.42202599960365,7959.840385000007,254.55266015200868,5.08152103083235,0.14896967191365199,2900,3200,3400,3600,4200,5100,6700,7000,8000,8000,8000
,Aggregated,1692,34,2700.0,2920.0077469474077,37.42202599960365,7959.840385000007,250.81264775413712,9.335432773255524,0.18759143870608028,2700,3000,3300,3400,4000,5100,6500,6900,7800,8000,8000
