Type,Name,Request Count,Failure Count,Median Response Time,Average Response Time,Min Response Time,Max Response Time,Average Content Size,Requests/s,Failures/s,50%,66%,75%,80%,90%,95%,98%,99%,99.9%,99.99%,100%
GET,/health,143,0,1800.0,1857.5571787622803,427.22653900000296,6940.7195359999605,103.0,0.7618162609019145,0.0,1800,1900,2000,2100,2300,2600,5000,5900,6900,6900,6900
GET,/metrics,138,0,1700.0,1827.2670361666742,926.2494240001615,6281.097510000109,197.58695652173913,0.7351793287025468,0.0,1700,1900,2000,2100,2300,2800,4600,6000,6300,6300,6300
POST,/predict [high],261,2,2300.0,2405.7218304329363,436.2553810001373,7903.303204000167,286.08045977011494,1.3904478608069908,0.010654772879747055,2300,2500,2600,2600,2900,3400,7100,7400,7900,7900,7900
POST,/predict [low],152,1,2300.0,2431.555930657872,540.2731209997,7490.76713400018,284.60526315789474,0.8097627388607762,0.005327386439873527,2300,2500,2700,2700,2900,3800,5400,7300,7500,7500,7500
POST,/predict [medium],673,1,2300.0,2328.102383995548,525.6122149999101,8126.388457999838,288.6225854383358,3.585331074034884,0.005327386439873527,2300,2500,2600,2700,2800,3000,3900,6500,8100,8100,8100
POST,/predict [stress],1687,25,2600.0,2621.5447483752164,187.17577400002483,8102.915673000098,282.59691760521633,8.987300924066641,0.13318466099683818,2600,2800,2900,3000,3200,3600,5600,6700,7900,8100,8100
,Aggregated,3054,29,2400.0,2457.315756940073,187.17577400002483,8126.388457999838,272.07170923379175,16.269838187373754,0.1544942067563323,2400,2600,2800,2800,3100,3500,5500,6800,7900,8100,8100
