Type,Name,Request Count,Failure Count,Median Response Time,Average Response Time,Min Response Time,Max Response Time,Average Content Size,Requests/s,Failures/s,50%,66%,75%,80%,90%,95%,98%,99%,99.9%,99.99%,100%
GET,/health,123,0,960.0,973.546925658533,360.2178789997197,1718.6916929999825,103.00813008130082,0.6407844612106433,0.0,960,1100,1200,1200,1300,1400,1500,1600,1700,1700,1700
GET,/metrics,140,0,920.0,938.3361350785726,288.4638589998758,1531.558878999931,196.60714285714286,0.7293481672316264,0.0,950,1100,1100,1100,1200,1300,1400,1500,1500,1500,1500
POST,/predict [high],264,0,1200.0,1184.443744507581,202.23257299994657,2208.902135000244,285.21590909090907,1.37534225820821,0.0,1200,1300,1400,1500,1600,1800,2000,2100,2200,2200,2200
POST,/predict [low],110,0,1200.0,1175.855018463645,450.6815020004069,2135.650837999947,285.6090909090909,0.5730592742534207,0.0,1200,1300,1400,1400,1600,1800,2000,2000,2100,2100,2100
POST,/predict [medium],625,0,1200.0,1191.5568375824007,480.296952000117,2365.0279749999754,289.3328,3.256018603712618,0.0,1200,1300,1400,1500,1600,1800,1900,2000,2400,2400,2400
POST,/predict [stress],2062,0,1200.0,1252.0893939209493,90.5146820000482,2375.7520429999204,285.33268671193014,10.74225657736867,0.0,1200,1400,1500,1500,1700,1900,2100,2100,2300,2400,2400
,Aggregated,3324,0,1200.0,1209.290579152225,90.5146820000482,2375.7520429999204,275.601083032491,17.316809341985188,0.0,1200,1300,1400,1500,1700,1800,2000,2100,2400,2400,2400
