Type,Name,Request Count,Failure Count,Median Response Time,Average Response Time,Min Response Time,Max Response Time,Average Content Size,Requests/s,Failures/s,50%,66%,75%,80%,90%,95%,98%,99%,99.9%,99.99%,100%
GET,/health,78,0,360.0,377.27764411541403,113.64499699993758,989.8969539999598,103.0,0.41017740717567436,0.0,360,410,450,470,560,640,670,990,990,990,990
GET,/metrics,84,0,350.0,360.06945610717185,110.65948399982517,818.3619550000003,193.83333333333334,0.44172951541995703,0.0,350,390,440,460,520,600,750,820,820,820,820
POST,/predict [high],174,0,260.0,298.712298781614,43.702583000140294,823.0417169997963,283.17816091954023,0.9150111390841966,0.0,260,330,410,450,560,670,790,820,820,820,820
POST,/predict [low],77,0,250.0,264.97614414282515,48.70198299977346,748.259950999909,285.2207792207792,0.4049187224682939,0.0,250,300,330,350,490,540,630,750,750,750,750
POST,/predict [medium],391,0,250.0,269.7226871866842,45.56038999999146,934.5651560001897,288.2480818414322,2.0561457205857523,0.0,250,310,360,390,480,580,710,800,930,930,930
POST,/predict [stress],2479,0,230.0,271.2505130480037,34.93183599994154,1041.3416050000706,284.90197660346917,13.036279389596112,0.0,230,310,380,410,520,610,690,790,980,1000,1000
,Aggregated,3283,0,240.0,277.16850020621325,34.93183599994154,1041.3416050000706,278.5647273834907,17.264261894329987,0.0,240,320,380,420,520,600,690,790,980,1000,1000
