Type,Name,Request Count,Failure Count,Median Response Time,Average Response Time,Min Response Time,Max Response Time,Average Content Size,Requests/s,Failures/s,50%,66%,75%,80%,90%,95%,98%,99%,99.9%,99.99%,100%
GET,/health,130,0,2500.0,2731.603077669223,921.1368880000919,8652.008533999833,103.42307692307692,0.681010678088472,0.0,2500,2900,3000,3100,3400,4100,6200,6500,8700,8700,8700
GET,/metrics,140,0,2600.0,2968.9026838785985,1342.8559590001896,10198.691464000149,198.21428571428572,0.7333961148645083,0.0,2600,2900,3100,3300,4000,6000,6300,10000,10000,10000,10000
POST,/predict [high],297,3,3600.0,3743.397508572394,890.9995110002455,11485.815395000373,285.3063973063973,1.5558474722482785,0.015715631032810894,3600,3800,4000,4100,4500,6900,7900,10000,11000,11000,11000
POST,/predict [low],150,4,3600.0,3789.3301922333612,24.229049000041414,10693.664248999994,278.55333333333334,0.7857815516405446,0.020954174710414525,3600,3900,4000,4100,4600,6700,7900,9800,11000,11000,11000
POST,/predict [medium],747,10,3600.0,3789.69961870951,96.42822499972681,11622.40993000023,286.80321285140565,3.9131921271699124,0.052385436776036305,3600,3800,3900,4100,4500,6900,7700,10000,12000,12000,12000
POST,/predict [stress],1526,70,4200.0,4307.842541371562,12.948858000072505,11714.889784000206,272.6716906946265,7.994017652023141,0.36669805743225414,4200,4500,4700,4800,5200,6900,7800,8700,11000,12000,12000
,Aggregated,2990,87,3900.0,3965.089196665539,12.948858000072505,11714.889784000206,266.90735785953177,15.663245596034857,0.45575329995151587,3900,4200,4400,4500,5000,6800,7700,9500,11000,12000,12000
