Type,Name,Request Count,Failure Count,Median Response Time,Average Response Time,Min Response Time,Max Response Time,Average Content Size,Requests/s,Failures/s,50%,66%,75%,80%,90%,95%,98%,99%,99.9%,99.99%,100%
GET,/health,61,0,2200.0,2415.514063475473,1305.7487089999995,4773.965634999513,103.91803278688525,0.33425431795422234,0.0,2200,2400,2800,3100,3400,4100,4500,4800,4800,4800,4800
GET,/metrics,75,1,2300.0,2518.585315280021,1440.969280999525,5572.810835999917,253.22666666666666,0.4109684237142078,0.0054795789828561035,2300,2700,2900,3000,3600,3900,4500,5600,5600,5600,5600
POST,/predict [high],123,1,3200.0,3501.3451729268636,102.71696400013752,8878.908319999937,259.3983739837398,0.6739882148913008,0.0054795789828561035,3200,3500,3700,4000,4800,5900,7000,7800,8900,8900,8900
POST,/predict [low],66,1,3100.0,3228.427032863679,149.05841800009512,7011.018475000128,259.3333333333333,0.36165221286850285,0.0054795789828561035,3100,3300,3600,3800,4600,5400,6100,7000,7000,7000,7000
POST,/predict [medium],318,4,3200.0,3536.248338698138,16.74355100021785,10304.656550999425,260.75786163522014,1.742506116548241,0.021918315931424414,3200,3600,4000,4200,5200,6300,7100,7400,10000,10000,10000
POST,/predict [stress],719,17,3700.0,3982.3476781946983,17.09894899977371,10874.417336000079,256.10431154381087,3.9398172886735385,0.09315284270855377,3700,4000,4200,4500,5600,6600,7400,8400,11000,11000,11000
,Aggregated,1362,24,3500.0,3647.4426206204216,16.74355100021785,10874.417336000079,250.67033773861968,7.463186574650013,0.1315098955885465,3500,3800,4000,4200,5400,6100,7200,8000,11000,11000,11000
