Type,Name,Request Count,Failure Count,Median Response Time,Average Response Time,Min Response Time,Max Response Time,Average Content Size,Requests/s,Failures/s,50%,66%,75%,80%,90%,95%,98%,99%,99.9%,99.99%,100%
GET,/health,80,4,4500.0,7836.100890074966,2071.610293000049,27131.752554999366,98.7625,0.4374640625272421,0.02187320312636211,4600,7100,12000,14000,18000,20000,21000,27000,27000,27000,27000
GET,/metrics,74,4,4700.0,7258.339415891943,312.6108229998863,21093.752948000656,246.2027027027027,0.404654257837699,0.02187320312636211,4900,6500,11000,14000,17000,18000,20000,21000,21000,21000,21000
POST,/predict [high],139,24,6600.0,8677.777806438884,5.525390000002517,26389.17347200004,216.76978417266187,0.7600938086410832,0.13123921875817265,6600,7800,13000,14000,16000,20000,22000,22000,26000,26000,26000
POST,/predict [low],59,9,6000.0,8323.575877101635,3257.058433999191,21687.82776199987,223.3050847457627,0.3226297461138411,0.04921470703431474,6000,7300,13000,14000,16000,19000,21000,22000,22000,22000,22000
POST,/predict [medium],300,46,6200.0,9009.651145793296,184.58009699952527,28638.61207500031,224.76666666666668,1.6404902344771581,0.25154183595316426,6200,7800,13000,14000,18000,21000,28000,29000,29000,29000,29000
POST,/predict [stress],642,174,7300.0,9758.211130540485,4.380507000860234,28623.50572499963,191.21495327102804,3.510649101781118,0.9514843359967516,7300,11000,14000,15000,19000,22000,25000,26000,29000,29000,29000
,Aggregated,1294,261,6700.0,9141.401985603532,4.380507000860234,28638.61207500031,200.6306027820711,7.075981211378142,1.4272265039951275,6700,9400,13000,14000,18000,21000,24000,27000,29000,29000,29000
