Type,Name,Request Count,Failure Count,Median Response Time,Average Response Time,Min Response Time,Max Response Time,Average Content Size,Requests/s,Failures/s,50%,66%,75%,80%,90%,95%,98%,99%,99.9%,99.99%,100%
GET,/health,57,0,910.0,984.6349495087053,306.1946009993335,2186.5254069998628,103.3859649122807,0.31356556962827536,0.0,910,1100,1200,1300,1600,1800,2000,2200,2200,2200,2200
GET,/metrics,45,0,910.0,1019.2676466666348,422.96015700048883,2539.7790029992393,251.95555555555555,0.24755176549600685,0.0,910,1100,1200,1300,1500,2300,2500,2500,2500,2500,2500
POST,/predict [high],97,0,1300.0,1419.6620097525395,308.1400359997133,2888.582714000222,260.91752577319585,0.5336115834025037,0.0,1300,1500,1700,1900,2300,2600,2800,2900,2900,2900,2900
POST,/predict [low],50,0,1300.0,1493.4009403400164,562.9809969996131,3395.4091539999354,259.28,0.27505751721778543,0.0,1300,1600,1800,2000,2500,3100,3400,3400,3400,3400,3400
POST,/predict [medium],228,0,1300.0,1452.5706201754617,458.94947099986894,3460.1972880000176,267.0701754385965,1.2542622785131015,0.0,1300,1600,1800,1900,2400,2700,2900,3000,3500,3500,3500
POST,/predict [stress],804,0,1300.0,1459.6437809589358,141.8073379991256,3991.146550999474,259.2686567164179,4.422924876861989,0.0,1300,1600,1900,2000,2500,2800,3100,3400,4000,4000,4000
,Aggregated,1281,0,1300.0,1420.068852049944,141.8073379991256,3991.146550999474,253.5893832943013,7.046973591119662,0.0,1300,1600,1800,1900,2400,2800,3000,3200,3800,4000,4000
