Type,Name,Request Count,Failure Count,Median Response Time,Average Response Time,Min Response Time,Max Response Time,Average Content Size,Requests/s,Failures/s,50%,66%,75%,80%,90%,95%,98%,99%,99.9%,99.99%,100%
GET,/health,53,3,7500.0,7878.975153886625,469.65666500000225,17699.54028199936,97.9622641509434,0.29078567049519927,0.01645956625444524,7500,9300,10000,10000,12000,15000,15000,18000,18000,18000,18000
GET,/metrics,43,2,5100.0,6255.732692837161,156.62212100050965,15309.237253999527,246.69767441860466,0.23592044964704847,0.010973044169630162,5100,6100,6700,8600,12000,12000,15000,15000,15000,15000,15000
POST,/predict [high],84,19,8200.0,8955.22459047614,1170.852491000005,19520.860028999778,203.97619047619048,0.46086785512446676,0.10424391961148653,8400,9500,10000,11000,14000,17000,19000,20000,20000,20000,20000
POST,/predict [low],34,12,7900.0,9359.433918235265,740.536049000184,18954.22807400064,168.7058823529412,0.18654175088371275,0.06583826501778096,8100,10000,12000,13000,17000,19000,19000,19000,19000,19000,19000
POST,/predict [medium],233,52,7800.0,8836.166158596574,223.12099899954774,19165.23556500033,208.64377682403435,1.2783596457619137,0.2852991484103842,7800,9300,10000,12000,14000,17000,19000,19000,19000,19000,19000
POST,/predict [stress],473,161,8500.0,9340.876596684993,26.00188500036893,19589.30966800017,172.85412262156447,2.595124946117533,0.883330055655228,8500,10000,11000,12000,14000,16000,18000,18000,20000,20000,20000
,Aggregated,920,249,8200.0,8950.112122774986,26.00188500036893,19589.30966800017,183.74347826086955,5.0476003180298745,1.366143999118955,8200,9800,11000,12000,14000,16000,18000,19000,20000,20000,20000
